{"count":1,"self":469.763584,"total":485.6024615,"children":{"InitializeActuators":{"count":16,"self":0.0015214999999999998,"total":0.0015214999999999998,"children":null},"InitializeSensors":{"count":16,"self":0.0050328,"total":0.0050328,"children":null},"AgentSendState":{"count":36019,"self":0.5766717,"total":3.5351353999999997,"children":{"UpdateModelSpacePoses":{"count":115264,"self":0.764786,"total":0.764786,"children":null},"UpdateLocalSpacePoses":{"count":115264,"self":0.7668337,"total":0.7668337,"children":null},"CollectObservations":{"count":115264,"self":1.2037164999999999,"total":1.2037164999999999,"children":null},"WriteActionMask":{"count":115264,"self":0.0801461,"total":0.0801461,"children":null},"RequestDecision":{"count":115264,"self":0.14298139999999998,"total":0.14298139999999998,"children":null}}},"DecideAction":{"count":36019,"self":10.6409488,"total":10.6409492,"children":null},"AgentAct":{"count":36019,"self":1.6541559,"total":1.6546709,"children":{"UpdateModelSpacePoses":{"count":106,"self":0.00051499999999999994,"total":0.00051499999999999994,"children":null},"UpdateLocalSpacePoses":{"count":106,"self":0,"total":0,"children":null}}},"UpdateModelSpacePoses":{"count":9,"self":0,"total":0,"children":null},"UpdateLocalSpacePoses":{"count":9,"self":0.0015478999999999998,"total":0.0015478999999999998,"children":null}},"gauges":{"Crawler.CumulativeReward":{"count":115,"max":4123.54053,"min":-0.625111,"runningAverage":2981.86816,"value":3025.10083,"weightedAverage":3003.39819}},"metadata":{"timer_format_version":"0.1.0","start_time_seconds":"1743543533","unity_version":"2023.2.13f1","command_line_arguments":"C:\\Program Files\\Unity\\Hub\\Editor\\2023.2.13f1\\Editor\\Unity.exe -projectpath C:\\Users\\crexa\\FinalProject_COMP256_001\\ChomperStudios_COMP256_001 -useHub -hubIPC -cloudEnvironment production","communication_protocol_version":"1.5.0","com.unity.ml-agents_version":"3.0.0","scene_name":"Crawler","end_time_seconds":"1743544018"}}